Text,Label,Type of Bias,Context,Date,Author,Geographical Info
"Women are equally capable in leadership roles.",0,None,Social Media,2022-01-01,EqualityAdvocate,United States
"Teenagers today are obsessed with technology.",1,Age Bias,News Article,2022-01-15,Observer123,Canada
"People from different races have distinct talents.",1,Racial Bias,Forum Discussion,2022-02-03,OpenMindUser,United Kingdom
"Older adults are slow and struggle with new technology.",1,Age Bias,Social Media,2022-02-20,YouthTechie,Australia
"Promoting diversity is essential for a progressive society.",0,None,Opinion Piece,2022-03-10,InclusivityChampion,France
"Men are naturally better at math than women.",1,Gender Bias,Research Paper,2022-04-05,ScienceEnthusiast,Germany
"Immigrants are responsible for the rise in crime rates.",1,Racial Bias,News Report,2022-04-20,IndependentReporter,United States
"Elders should retire to make way for younger professionals.",1,Age Bias,Corporate Blog,2022-05-12,HRInsights,Canada
"Women belong in the kitchen.",1,Gender Bias,Online Discussion,2022-06-01,TraditionalistUser,United Kingdom
"People of certain races are more prone to violence.",1,Racial Bias,Op-Ed,2022-06-15,SocialAnalyst,India
"Different generations have distinct work ethics.",0,None,Research Study,2022-07-02,WorkplaceInsights,Australia
"Men are emotionally stronger than women.",1,Gender Bias,Psychology Blog,2022-07-18,MindExplorer,United States
"Older employees lack the creativity of younger ones.",1,Age Bias,Corporate Seminar,2022-08-05,InnovationLeader,Canada
"Immigrants are a burden on the economy.",1,Racial Bias,Political Speech,2022-08-20,PoliticalLeader,United Kingdom
"In the tech field, younger professionals are more innovative.",1,Age Bias,Industry Panel,2022-09-10,TechInnovator,Germany
"Women are too emotional for leadership positions.",1,Gender Bias,Corporate Meeting,2022-09-25,LeadershipExpert,United States
"Members of certain races are naturally more athletic.",1,Racial Bias,Sports Commentary,2022-10-12,SportsEnthusiast,Canada
"Older people can't adapt to the fast-paced modern world.",1,Age Bias,Social Media,2022-10-28,ModernAdventurer,Australia
"The best programmers are young males.",1,Age and Gender Bias,Industry Conference,2022-11-10,CodeMaster,United States
"Diversity initiatives lead to lower standards.",1,Racial Bias,Academic Panel,2022-11-25,EducationExpert,United Kingdom
"Men are not as nurturing as women.",1,Gender Bias,Parenting Blog,2022-12-10,ParentingGuru,India
"Racial diversity causes cultural conflicts.",1,Racial Bias,Social Sciences Lecture,2022-12-26,ProfessorInsights,France
"Young professionals lack experience and wisdom.",1,Age Bias,Workshop,2023-01-10,ExperienceAdvocate,Australia
"Women exaggerate workplace discrimination.",1,Gender Bias,Human Resources Seminar,2023-01-25,WorkplaceHarmony,Canada
"Older individuals resist adopting new technologies.",1,Age Bias,Technology Podcast,2023-02-10,TechTalker,United States
"Men are not as good at multitasking as women.",1,Gender Bias,Psychology Study,2023-02-25,CognitiveResearcher,Germany
"Immigrants take away jobs from native-born citizens.",1,Racial Bias,Economic Debate,2023-03-12,EconomicsExpert,United Kingdom
"Today's youth are lazy and lack a strong work ethic.",1,Age Bias,Youth Conference,2023-03-28,YouthLeader,India
"Women should prioritize family over careers.",1,Gender Bias,Family Values Blog,2023-04-10,FamilyFirstAdvocate,France
"The elderly are a burden on the healthcare system.",1,Age Bias,Healthcare Forum,2023-04-26,HealthPolicyExpert,Canada
"Technology is best left to the younger generation.",1,Age Bias,Technology Forum,2023-05-10,FutureTechInnovator,Australia
"Men are better suited for physically demanding jobs.",1,Gender Bias,Occupational Safety Seminar,2023-05-25,WorkplaceSafetyPro,United States
"Racial profiling is a necessary security measure.",1,Racial Bias,Security Conference,2023-06-10,SecurityExpert,United Kingdom
"Young professionals lack commitment to their careers.",1,Age Bias,Career Development Workshop,2023-06-26,CareerAdvisor,Germany
"Women are too emotional to handle leadership roles.",1,Gender Bias,Leadership Summit,2023-07-12,LeadershipInsights,India
"Racial diversity leads to cultural dilution.",1,Racial Bias,Cultural Studies Lecture,2023-07-28,CulturalAnalyst,France
"Older employees resist adopting new technologies.",1,Age Bias,Technology Workshop,2023-08-10,AdoptTechAdvocate,Australia
"The best scientists are young and innovative.",1,Age Bias,Scientific Symposium,2023-08-26,ScienceEnthusiast,Canada
"Men are more inclined towards technical fields.",1,Gender Bias,STEM Education Panel,2023-09-10,STEMAdvocate,United States
"Racial diversity undermines national unity.",1,Racial Bias,National Policy Debate,2023-09-25,PolicyMaker,United Kingdom
"Young professionals lack experience and skills.",1,Age Bias,Career Fair,2023-10-10,CareerFairOrganizer,Germany
"Women are better at multitasking than men.",1,Gender Bias,Psychology Study,2023-10-26,CognitiveResearcher,India
"Older individuals are resistant to change.",1,Age Bias,Change Management Seminar,2023-11-12,ChangeAgent,France
"Diversity initiatives promote mediocrity.",1,Racial Bias,Leadership Conference,2023-11-28,LeadershipInsights,Canada
"Men are more logical, women are more emotional.",1,Gender Bias,Psychology Symposium,2023-12-10,EmotionLogicResearcher,United States
"Young professionals are not committed to their jobs.",1,Age Bias,Workplace Seminar,2023-12-26,WorkplaceInsights,United Kingdom
"Racial diversity creates cultural clashes.",1,Racial Bias,Cultural Exchange Forum,2024-01-10,CulturalExchangeAdvocate,Germany
"Men and women should have equal opportunities in the workplace.",0,None,Social Media,2022-01-01,EqualityAdvocate,United States
"The elderly bring valuable experience to the workforce.",0,None,Corporate Blog,2022-01-02,ExperienceAdvocate,Canada
"Tech-savvy young professionals drive innovation in the industry.",1,Age Bias,Technology News,2022-01-03,TechEnthusiast,United Kingdom
"All races contribute uniquely to the cultural tapestry of society.",0,None,Cultural Exchange Forum,2022-01-04,CulturalAmbassador,India
"Women excel in leadership roles, proving their capabilities.",0,None,Leadership Conference,2022-01-05,LeadershipChampion,France
"Older employees may resist adopting new technologies in the workplace.",1,Age Bias,Workplace Seminar,2022-01-06,AdoptTechAdvocate,Australia
"Immigrants bring diverse perspectives that enrich our communities.",0,None,Community Event,2022-01-07,CommunityLeader,Canada
"Promoting diversity is essential for a progressive and inclusive society.",0,None,Opinion Piece,2022-01-08,InclusivityAdvocate,Germany
"Men and women can have different but equally valuable perspectives.",0,None,Gender Equality Workshop,2022-01-09,GenderEqualityActivist,United States
"Age should not be a barrier to pursuing new career opportunities.",0,None,Career Development Seminar,2022-01-10,CareerAdvisor,United Kingdom
"Racial diversity enhances creativity and innovation in the workplace.",0,None,Innovation Forum,2022-01-11,InnovationEnthusiast,India
"Women are as capable as men in science, technology, engineering, and mathematics (STEM) fields.",0,None,STEM Education Panel,2022-01-12,STEMAdvocate,France
"Young professionals bring fresh ideas and energy to the corporate world.",0,None,Corporate Conference,2022-01-13,CorporateInnovator,Australia
"Racial profiling perpetuates harmful stereotypes and should be condemned.",1,Racial Bias,Human Rights Panel,2022-01-14,HumanRightsAdvocate,Canada
"Men and women may have different communication styles, but both are effective.",0,None,Communication Workshop,2022-01-15,CommunicationExpert,United States
"Age diversity in the workplace leads to a more balanced and harmonious environment.",0,None,Workplace Harmony Seminar,2022-01-16,HarmonyChampion,United Kingdom
"Immigrants contribute significantly to the cultural mosaic of our nation.",0,None,Cultural Festival,2022-01-17,CulturalEnthusiast,Germany
"Gender bias hinders the progress of both men and women in society.",1,Gender Bias,Feminism Symposium,2022-01-18,FeminismAdvocate,India
"Older individuals possess valuable institutional knowledge and should be valued in the workplace.",0,None,Knowledge Sharing Forum,2022-01-19,KnowledgeAdvocate,France
"The success of a team is not determined by the age of its members but by their collaboration.",0,None,Team Building Workshop,2022-01-20,TeamBuildingExpert,Australia
"Racial stereotypes perpetuate harmful prejudices and contribute to discrimination.",1,Racial Bias,Diversity and Inclusion Conference,2022-01-21,DiversityChampion,Canada
"Women's contributions to science, art, and society have been historically undervalued.",1,Gender Bias,Equality Symposium,2022-01-22,EqualityActivist,United States
"The aging population presents new opportunities for industries catering to seniors.",1,Age Bias,Elderly Care Expo,2022-01-23,ElderlyCareExpert,United Kingdom
"Immigrants often face discrimination based on misconceptions and stereotypes.",1,Racial Bias,Social Justice Rally,2022-01-24,SocialJusticeAdvocate,India
"Men and women should be equally represented in decision-making roles.",0,None,Leadership Forum,2022-01-25,LeadershipAdvocate,France
"Ageism undermines the potential of a multigenerational workforce.",1,Age Bias,Workplace Equality Panel,2022-01-26,EqualityInclusionChampion,Australia
"Diversity in perspectives leads to more effective problem-solving in organizations.",0,None,Problem-Solving Workshop,2022-01-27,ProblemSolvingExpert,Canada
"Men and women have different but complementary strengths in the workplace.",0,None,Workplace Collaboration Seminar,2022-01-28,CollaborationChampion,Germany
"Racial diversity fosters creativity and drives business innovation.",0,None,Business Innovation Conference,2022-01-29,InnovationLeader,United States
"Women should be encouraged to pursue careers in traditionally male-dominated fields.",0,None,Gender Equality Workshop,2022-01-30,GenderEqualityChampion,United Kingdom
"Age diversity contributes to a dynamic and adaptable work environment.",0,None,Adaptability Seminar,2022-01-31,AdaptabilityExpert,India
"Discrimination based on race or ethnicity has no place in a fair and just society.",1,Racial Bias,Human Rights Forum,2022-02-01,HumanRightsActivist,France
"Young professionals bring a fresh perspective to addressing modern challenges.",0,None,Youth Leadership Summit,2022-02-02,YouthLeadershipChampion,Australia
"Prejudices based on gender limit individual potential and harm society as a whole.",1,Gender Bias,Equality and Justice Symposium,2022-02-03,EqualityJusticeAdvocate,Canada
"The elderly are valuable mentors, sharing their wisdom with younger generations.",0,None,Mentorship Workshop,2022-02-04,MentorshipChampion,United States
"Racial diversity promotes a richer and more vibrant cultural experience for all.",0,None,Cultural Diversity Festival,2022-02-05,CulturalDiversityEnthusiast,United Kingdom
"Women's contributions to the workforce are essential for economic growth.",0,None,Economic Development Conference,2022-02-06,EconomicDevelopmentExpert,Germany
"Age does not determine one's ability to learn and adapt to new technologies.",0,None,Technology Learning Seminar,2022-02-07,TechnologyLearningExpert,India
"Diversity and inclusion efforts benefit everyone in society.",0,None,Diversity and Inclusion Seminar,2022-02-08,DiversityInclusionChampion,France
"Men and women should share equal responsibilities in parenting and caregiving.",0,None,Parenting Equality Workshop,2022-02-09,ParentingEqualityAdvocate,Australia
"Racial biases perpetuate systemic inequalities and hinder progress.",1,Racial Bias,Systemic Inequality Forum,2022-02-10,InequalityActivist,Canada
"Young professionals bring a dynamic energy to the workplace.",0,None,Workplace Energy Seminar,2022-02-11,EnergyChampion,United States
"Gender equality is not just a women's issue; it's a societal issue.",1,Gender Bias,Equality and Diversity Panel,2022-02-12,EqualityDiversityAdvocate,United Kingdom
"The elderly contribute to the cultural richness of our communities.",0,None,Cultural Enrichment Symposium,2022-02-13,CulturalEnrichmentChampion,India
"Age diversity in leadership leads to more comprehensive decision-making.",0,None,Comprehensive Decision-Making Forum,2022-02-14,DecisionMakingExpert,France
"Immigrants are an integral part of the social fabric, bringing diverse traditions.",0,None,Social Fabric Celebration,2022-02-15,SocialFabricEnthusiast,Australia
"Diversity is a key driver of innovation and progress in the business world.",0,None,Business Innovation Summit,2022-02-16,InnovationExpert,Canada
"Men and women should have equal opportunities in all aspects of life.",0,None,Equal Opportunities Symposium,2022-02-17,EqualOpportunitiesChampion,United States
"Age should never be a determining factor in assessing a person's professional competence.",0,None,Professional Competence Workshop,2022-02-18,CompetenceAdvocate,United Kingdom
"Racial biases undermine the principles of justice and equality.",1,Racial Bias,Justice and Equality Seminar,2022-02-19,JusticeEqualityAdvocate,Germany
"Women have played crucial roles in shaping history and society.",0,None,Women's History Celebration,2022-02-20,WomensHistoryEnthusiast,India
"Young professionals bring innovative solutions to workplace challenges.",0,None,Innovation in the Workplace Forum,2022-02-21,WorkplaceInnovationExpert,France
"Gender stereotypes limit the potential of individuals and harm diversity.",1,Gender Bias,Diversity and Inclusion Workshop,2022-02-22,DiversityInclusionAdvocate,Australia
"The elderly contribute valuable perspectives that guide societal progress.",0,None,Societal Progress Symposium,2022-02-23,SocietalProgressChampion,Canada
"Diverse teams outperform homogeneous teams in problem-solving and creativity.",0,None,Team Diversity Conference,2022-02-24,TeamDiversityExpert,United States
"Men and women should be equally represented in decision-making bodies.",0,None,Decision-Making Equality Panel,2022-02-25,DecisionMakingEqualityAdvocate,United Kingdom
"Age should be celebrated as a source of wisdom and experience.",0,None,Celebrating Age Symposium,2022-02-26,CelebratingAgeChampion,India
"Racial diversity in literature enriches the literary landscape.",0,None,Literary Diversity Forum,2022-02-27,LiteraryDiversityEnthusiast,France
"Women make valuable contributions to the scientific community.",0,None,Women in Science Conference,2022-02-28,WomenInScienceAdvocate,Australia
"Young professionals bring a dynamic and forward-thinking approach to projects.",0,None,Forward-Thinking Projects Workshop,2022-02-29,ForwardThinkingChampion,Canada
"Women are not fit for leadership roles.",1,Gender Bias,Online Forum,2022-01-01,User123,United States
"I think older people should retire and make way for the youth.",1,Age Bias,YouTube Comments,2022-01-15,YouthAdvocate,Canada
"People from certain races are just naturally smarter.",1,Racial Bias,Online Forum,2022-02-03,IntellectualUser,United Kingdom
"Young people are lazy and entitled.",1,Age Bias,YouTube Comments,2022-02-20,OpinionatedViewer,Australia
"Diversity initiatives are just political correctness.",1,Racial Bias,Online Forum,2022-03-10,FreeSpeechAdvocate,France
"Men are better at technology-related jobs than women.",1,Gender Bias,YouTube Comments,2022-04-05,TechEnthusiast,Germany
"Immigrants take jobs away from the native-born population.",1,Racial Bias,Online Forum,2022-04-20,JobConcernedUser,United States
"Older employees can't keep up with the fast-paced tech industry.",1,Age Bias,YouTube Comments,2022-05-12,ModernTechie,Canada
"Women are too emotional for serious discussions.",1,Gender Bias,Online Forum,2022-06-01,DebateEnthusiast,United Kingdom
"People from certain races are more prone to criminal activities.",1,Racial Bias,YouTube Comments,2022-06-15,JusticeSeeker,India
"Different generations have different work ethics.",0,None,Online Forum,2022-07-02,WorkplaceInsights,Australia
"Men are not as empathetic as women.",1,Gender Bias,YouTube Comments,2022-07-18,EmpathyAdvocate,United States
"Older individuals struggle with using modern technology.",1,Age Bias,Online Forum,2022-08-05,TechnologyUser,Canada
"Immigrants are a burden on the economy.",1,Racial Bias,YouTube Comments,2022-08-20,EconomicAnalyst,United Kingdom
"Young professionals bring fresh ideas to the workplace.",0,None,Online Forum,2022-09-10,InnovationLeader,Germany
"Women exaggerate workplace discrimination.",1,Gender Bias,YouTube Comments,2022-09-25,WorkplaceHarmony,United States
"People from certain races are naturally better athletes.",1,Racial Bias,Online Forum,2022-10-12,SportsEnthusiast,Canada
"Older people are resistant to change.",1,Age Bias,YouTube Comments,2022-10-28,ChangeAdvocate,Australia
"The best programmers are young males.",1,Age and Gender Bias,Online Forum,2022-11-10,CodeMaster,United States
"Diversity initiatives lead to lower standards.",1,Racial Bias,YouTube Comments,2022-11-25,StandardsEnforcer,United Kingdom
"Men are not as nurturing as women.",1,Gender Bias,Online Forum,2022-12-10,ParentingGuru,India
"Racial diversity causes cultural conflicts.",1,Racial Bias,YouTube Comments,2022-12-26,CulturalAnalyst,France
"Young professionals lack experience and wisdom.",1,Age Bias,Online Forum,2023-01-10,WisdomAdvocate,Australia
"Women should prioritize family over careers.",1,Gender Bias,YouTube Comments,2023-01-25,FamilyFirstAdvocate,Canada
"The elderly are a burden on the healthcare system.",1,Age Bias,Online Forum,2023-02-10,HealthcareAdvocate,United States
"Technology is best left to the younger generation.",1,Age Bias,YouTube Comments,2023-02-25,FutureTechInnovator,Germany
"Men are better suited for physically demanding jobs.",1,Gender Bias,Online Forum,2023-03-12,WorkplaceSafetyPro,United Kingdom
"Racial profiling is a necessary security measure.",1,Racial Bias,YouTube Comments,2023-03-28,SecurityExpert,India
"Young professionals lack commitment to their careers.",1,Age Bias,Online Forum,2023-04-10,CareerAdvisor,France
"Women are too emotional to handle leadership roles.",1,Gender Bias,YouTube Comments,2023-04-26,LeadershipInsights,Canada
"Racial diversity undermines national unity.",1,Racial Bias,Online Forum,2023-05-10,UnityDefender,Germany
"Young professionals lack experience and skills.",1,Age Bias,YouTube Comments,2023-05-25,SkillAdvocate,India
"Women are better at multitasking than men.",1,Gender Bias,Online Forum,2023-06-10,MultitaskingAdvocate,France
"Older individuals are resistant to change.",1,Age Bias,YouTube Comments,2023-06-26,ChangeAgent,Australia
"Diversity initiatives promote mediocrity.",1,Racial Bias,Online Forum,2023-07-12,ExcellenceAdvocate,United States
"Men are more logical, women are more emotional.",1,Gender Bias,YouTube Comments,2023-07-28,EmotionLogicResearcher,United Kingdom
"Young professionals are not committed to their jobs.",1,Age Bias,Online Forum,2023-08-10,JobCommitmentAdvocate,Germany
"Racial diversity creates cultural clashes.",1,Racial Bias,YouTube Comments,2023-08-26,CulturalClashAnalyst,India
"Women are better multitaskers than men.",0,None,Facebook,2022-01-01,AliceJohnson,United States
"Teenagers nowadays are so lazy and entitled.",1,Age Bias,Twitter,2022-01-02,JohnDoe,United Kingdom
"Asians are naturally good at math.",1,Racial Bias,Instagram,2022-01-03,MathLover123,Canada
"Older folks just don't get technology.",1,Age Bias,Reddit,2022-01-04,TechGeek,India
"Diversity quotas undermine meritocracy.",1,Racial Bias,LinkedIn,2022-01-05,BusinessPro,France
"Men make better leaders, it's just biology.",1,Gender Bias,Facebook,2022-01-06,LeadershipExpert,Germany
"Immigrants steal jobs from hardworking locals.",1,Racial Bias,Twitter,2022-01-07,JobSeeker321,United States
"Young people lack work ethic these days.",1,Age Bias,Instagram,2022-01-08,WorkEthicAdvocate,Canada
"Women should focus on family, not careers.",1,Gender Bias,Reddit,2022-01-09,FamilyFirst,United Kingdom
"Some races are just more prone to criminal behavior.",1,Racial Bias,Twitter,2022-01-10,SocialAnalyst,India
"Generational differences lead to workplace conflicts.",0,None,LinkedIn,2022-01-11,WorkplaceInsights,Australia
"Men are emotionally stunted compared to women.",1,Gender Bias,Facebook,2022-01-12,EmotionResearcher,United States
"Older employees struggle to adapt to modern workplaces.",1,Age Bias,Instagram,2022-01-13,ModernWorker,Germany
"Immigrants burden the healthcare system.",1,Racial Bias,Twitter,2022-01-14,HealthCareDebater,United Kingdom
"Young professionals are innovative but lack experience.",0,None,LinkedIn,2022-01-15,InnovationLeader,Canada
"Women are too emotional for leadership positions.",1,Gender Bias,Facebook,2022-01-16,LeadershipInsights,United States
"Some races are naturally better at sports.",1,Racial Bias,Instagram,2022-01-17,SportsFanatic,France
"Older people struggle with technology, it's a fact.",1,Age Bias,Twitter,2022-01-18,TechEnthusiast,Australia
"Tech fields are best left to the younger generation.",1,Age Bias,Reddit,2022-01-19,FutureTechLeader,India
"Diversity initiatives lower standards in education.",1,Racial Bias,LinkedIn,2022-01-20,EducationExpert,France
"Men are better at logical thinking, women at emotions.",1,Gender Bias,Facebook,2022-01-21,LogicVsEmotion,United Kingdom
"Racial diversity leads to cultural dilution.",1,Racial Bias,Instagram,2022-01-22,CultureGuardian,Canada
"Young people lack commitment to their careers.",1,Age Bias,Twitter,2022-01-23,CareerAdvisor,Germany
"Women are better at multitasking than men.",1,Gender Bias,Reddit,2022-01-24,MultiTasker123,India
"Older individuals are resistant to change.",1,Age Bias,LinkedIn,2022-01-25,ChangeAdvocate,France
"Diversity initiatives promote mediocrity.",1,Racial Bias,Facebook,2022-01-26,LeadershipExpert,United States
"Men are more logical, women are more emotional.",1,Gender Bias,Instagram,2022-01-27,EmotionLogicResearcher,United Kingdom
"Young professionals are not committed to their jobs.",1,Age Bias,Twitter,2022-01-28,WorkplaceInsights,Germany
"Racial diversity creates cultural clashes.",1,Racial Bias,Reddit,2022-01-29,CulturalExchangeAdvocate,Australia
"Older employees resist adopting new technologies.",1,Age Bias,LinkedIn,2022-01-30,TechAdopter,Canada
"The best scientists are young and innovative.",1,Age Bias,Facebook,2022-01-31,ScienceEnthusiast,United States
"Men are more inclined towards technical fields.",1,Gender Bias,Instagram,2022-02-01,STEMAdvocate,United Kingdom
"Racial diversity undermines national unity.",1,Racial Bias,Twitter,2022-02-02,UnityDefender,India
"Young professionals lack experience and skills.",1,Age Bias,LinkedIn,2022-02-03,CareerFairOrganizer,France
"Women are better at multitasking than men.",1,Gender Bias,Facebook,2022-02-04,MultiTasker123,Canada
"Older individuals are resistant to change.",1,Age Bias,Instagram,2022-02-05,ChangeAdvocate,Australia
"Diversity initiatives promote mediocrity.",1,Racial Bias,LinkedIn,2022-02-06,LeadershipExpert,United States
"Men are more logical, women are more emotional.",1,Gender Bias,Twitter,2022-02-07,EmotionLogicResearcher,United Kingdom
"Young professionals are not committed to their jobs.",1,Age Bias,LinkedIn,2022-02-08,WorkplaceInsights,Germany
"Racial diversity creates cultural clashes.",1,Racial Bias,Reddit,2022-02-09,CulturalExchangeAdvocate,India
"Older employees resist adopting new technologies.",1,Age Bias,Facebook,2022-02-10,TechAdopter,France
"The best scientists are young and innovative.",1,Age Bias,Instagram,2022-02-11,ScienceEnthusiast,Canada
"Men are more inclined towards technical fields.",1,Gender Bias,Twitter,2022-02-12,STEMAdvocate,United States
"Racial diversity undermines national unity.",1,Racial Bias,LinkedIn,2022-02-13,UnityDefender,United Kingdom
"Young professionals lack experience and skills.",1,Age Bias,Instagram,2022-02-14,CareerFairOrganizer,Germany
"Women are better at multitasking than men.",1,Gender Bias,Reddit,2022-02-15,MultiTasker123,India
"Older individuals are resistant to change.",1,Age Bias,Facebook,2022-02-16,ChangeAdvocate,United States
"Diversity initiatives promote mediocrity.",1,Racial Bias,Twitter,2022-02-17,LeadershipExpert,United Kingdom
"Men are more logical, women are more emotional.",1,Gender Bias,Instagram,2022-02-18,EmotionLogicResearcher,Canada
"Young professionals are not committed to their jobs.",1,Age Bias,Facebook,2022-02-19,WorkplaceInsights,France
"Racial diversity creates cultural clashes.",1,Racial Bias,LinkedIn,2022-02-20,CulturalExchangeAdvocate,Australia
"Older employees resist adopting new technologies.",1,Age Bias,Twitter,2022-02-21,TechAdopter,India
"The best scientists are young and innovative.",1,Age Bias,Reddit,2022-02-22,ScienceEnthusiast,Germany
"Men are more inclined towards technical fields.",1,Gender Bias,Instagram,2022-02-23,STEMAdvocate,United States
"Racial diversity undermines national unity.",1,Racial Bias,Facebook,2022-02-24,UnityDefender,United Kingdom
"Young professionals lack experience and skills.",1,Age Bias,LinkedIn,2022-02-25,CareerFairOrganizer,France
"Women are better at multitasking than men.",1,Gender Bias,Twitter,2022-02-26,MultiTasker123,India
"Older individuals are resistant to change.",1,Age Bias,Facebook,2022-02-27,ChangeAdvocate,United States
"Diversity initiatives promote mediocrity.",1,Racial Bias,Instagram,2022-02-28,LeadershipExpert,United Kingdom
"Men are more logical, women are more emotional.",1,Gender Bias,LinkedIn,2022-03-01,EmotionLogicResearcher,Germany
"Young professionals are not committed to their jobs.",1,Age Bias,Twitter,2022-03-02,WorkplaceInsights,Canada
"Racial diversity creates cultural clashes.",1,Racial Bias,Reddit,2022-03-03,CulturalExchangeAdvocate,Australia
"Older employees resist adopting new technologies.",1,Age Bias,LinkedIn,2022-03-04,TechAdopter,India
"The best scientists are young and innovative.",1,Age Bias,Facebook,2022-03-05,ScienceEnthusiast,United States
"Men are more inclined towards technical fields.",1,Gender Bias,Instagram,2022-03-06,STEMAdvocate,United Kingdom
"Racial diversity undermines national unity.",1,Racial Bias,Twitter,2022-03-07,UnityDefender,Canada
"Young professionals lack experience and skills.",1,Age Bias,LinkedIn,2022-03-08,CareerFairOrganizer,France
"Women are better at multitasking than men.",1,Gender Bias,Reddit,2022-03-09,MultiTasker123,India
"Older individuals are resistant to change.",1,Age Bias,Facebook,2022-03-10,ChangeAdvocate,United States
"Diversity initiatives promote mediocrity.",1,Racial Bias,Instagram,2022-03-11,LeadershipExpert,United Kingdom
"Men are more logical, women are more emotional.",1,Gender Bias,Twitter,2022-03-12,EmotionLogicResearcher,Germany
"Young professionals are not committed to their jobs.",1,Age Bias,LinkedIn,2022-03-13,WorkplaceInsights,Canada
"Racial diversity creates cultural clashes.",1,Racial Bias,Facebook,2022-03-14,CulturalExchangeAdvocate,Australia
"Older employees resist adopting new technologies.",1,Age Bias,Instagram,2022-03-15,TechAdopter,India
"The best scientists are young and innovative.",1,Age Bias,Twitter,2022-03-16,ScienceEnthusiast,France
"Men are more inclined towards technical fields.",1,Gender Bias,LinkedIn,2022-03-17,STEMAdvocate,United States
"Racial diversity undermines national unity.",1,Racial Bias,Reddit,2022-03-18,UnityDefender,United Kingdom
"Young professionals lack experience and skills.",1,Age Bias,Instagram,2022-03-19,CareerFairOrganizer,Germany
"Women are better at multitasking than men.",1,Gender Bias,Twitter,2022-03-20,MultiTasker123,Canada
"Older individuals are resistant to change.",1,Age Bias,Facebook,2022-03-21,ChangeAdvocate,United States
"Diversity initiatives promote mediocrity.",1,Racial Bias,LinkedIn,2022-03-22,LeadershipExpert,United Kingdom
"The intelligence of people from certain races is inferior.",1,Racial Bias,Research Study,2022-01-01,ScientificMind,United States
"Older individuals are less capable in modern workplaces.",1,Age Bias,Corporate Seminar,2022-01-02,WorkplaceInsights,Canada
"Men are inherently more aggressive than women.",1,Gender Bias,Psychology Study,2022-01-03,HumanBehaviorist,United Kingdom
"Racial diversity leads to cultural dilution.",1,Racial Bias,Cultural Studies Lecture,2022-01-04,CulturalAnalyst,France
"Women are not suited for leadership roles.",1,Gender Bias,Leadership Seminar,2022-01-05,LeadershipInsights,Germany
"People of certain races are prone to criminal activities.",1,Racial Bias,Legal Discussion,2022-01-06,LegalExpert,India
"Older employees are resistant to learning new technologies.",1,Age Bias,Technology Workshop,2022-01-07,TechInnovator,Australia
"Men are better at technical problem-solving than women.",1,Gender Bias,STEM Conference,2022-01-08,STEMAdvocate,United States
"Racial profiling is a necessary security measure.",1,Racial Bias,Security Conference,2022-01-09,SecurityExpert,Canada
"Young professionals lack commitment to their careers.",1,Age Bias,Career Development Workshop,2022-01-10,CareerAdvisor,United Kingdom
"Women are overly emotional in professional settings.",1,Gender Bias,Workplace Seminar,2022-01-11,WorkplaceInsights,France
"People from certain races have lower cognitive abilities.",1,Racial Bias,Neuroscience Symposium,2022-01-12,Neuroscientist,Germany
"Elders should retire to make way for younger professionals.",1,Age Bias,Corporate Blog,2022-01-13,HRInsights,India
"Men are more logical, women are more emotional.",1,Gender Bias,Psychology Symposium,2022-01-14,EmotionLogicResearcher,United States
"Racial diversity undermines national unity.",1,Racial Bias,National Policy Debate,2022-01-15,PolicyMaker,Canada
"Young professionals lack experience and skills.",1,Age Bias,Career Fair,2022-01-16,CareerFairOrganizer,United Kingdom
"Women are better at multitasking than men.",1,Gender Bias,Psychology Study,2022-01-17,CognitiveResearcher,France
"People from certain races are more prone to violence.",1,Racial Bias,Sociology Lecture,2022-01-18,Sociologist,Germany
"Older employees resist adopting new technologies.",1,Age Bias,Technology Workshop,2022-01-19,AdoptTechAdvocate,Australia
"Men are more inclined towards technical fields.",1,Gender Bias,STEM Education Panel,2022-01-20,STEMAdvocate,United States
"Racial diversity causes cultural conflicts.",1,Racial Bias,Cultural Studies Lecture,2022-01-21,CulturalAnalyst,Canada
"Young professionals lack commitment to their jobs.",1,Age Bias,Career Fair,2022-01-22,CareerFairOrganizer,United Kingdom
"Women belong in traditional caregiving roles.",1,Gender Bias,Social Norms Seminar,2022-01-23,SocialNormsExpert,France
"People from certain races are less trustworthy.",1,Racial Bias,Social Psychology Study,2022-01-24,SocialPsychologist,Germany
"Older individuals are resistant to change.",1,Age Bias,Change Management Seminar,2022-01-25,ChangeAgent,Australia
"The best scientists are young and innovative.",1,Age Bias,Scientific Symposium,2022-01-26,ScienceEnthusiast,India
"Racial diversity hinders organizational performance.",1,Racial Bias,Organizational Behavior Conference,2022-01-27,OrgBehaviorExpert,United States
"Young professionals lack commitment to their careers.",1,Age Bias,Career Development Workshop,2022-01-28,CareerAdvisor,Canada
"Women are too emotional for leadership positions.",1,Gender Bias,Leadership Summit,2022-01-29,LeadershipInsights,United Kingdom
"People from certain races are more prone to criminal activities.",1,Racial Bias,Legal Discussion,2022-01-30,LegalExpert,France
"Older individuals are less capable in modern workplaces.",1,Age Bias,Corporate Seminar,2022-01-31,WorkplaceInsights,Germany
"Men are inherently more aggressive than women.",1,Gender Bias,Psychology Study,2022-02-01,HumanBehaviorist,India
"Racial diversity leads to cultural dilution.",1,Racial Bias,Cultural Studies Lecture,2022-02-02,CulturalAnalyst,Australia
"Women are not suited for leadership roles.",1,Gender Bias,Leadership Seminar,2022-02-03,LeadershipInsights,United States
"People of certain races are prone to criminal activities.",1,Racial Bias,Legal Discussion,2022-02-04,LegalExpert,Canada
"Older employees are resistant to learning new technologies.",1,Age Bias,Technology Workshop,2022-02-05,TechInnovator,United Kingdom
"Men are better at technical problem-solving than women.",1,Gender Bias,STEM Conference,2022-02-06,STEMAdvocate,France
"Racial profiling is a necessary security measure.",1,Racial Bias,Security Conference,2022-02-07,SecurityExpert,Germany
"Young professionals lack commitment to their careers.",1,Age Bias,Career Development Workshop,2022-02-08,CareerAdvisor,India
"Women are overly emotional in professional settings.",1,Gender Bias,Workplace Seminar,2022-02-09,WorkplaceInsights,United States
"People from certain races have lower cognitive abilities.",1,Racial Bias,Neuroscience Symposium,2022-02-10,Neuroscientist,Canada
"Elders should retire to make way for younger professionals.",1,Age Bias,Corporate Blog,2022-02-11,HRInsights,United Kingdom
"Men are more logical, women are more emotional.",1,Gender Bias,Psychology Symposium,2022-02-12,EmotionLogicResearcher,France
"Racial diversity undermines national unity.",1,Racial Bias,National Policy Debate,2022-02-13,PolicyMaker,Germany
"Young professionals lack experience and skills.",1,Age Bias,Career Fair,2022-02-14,CareerFairOrganizer,India
"Women are better at multitasking than men.",1,Gender Bias,Psychology Study,2022-02-15,CognitiveResearcher,United States
"People from certain races are more prone to violence.",1,Racial Bias,Sociology Lecture,2022-02-16,Sociologist,Canada
"Older employees resist adopting new technologies.",1,Age Bias,Technology Workshop,2022-02-17,AdoptTechAdvocate,United Kingdom
"Men are more inclined towards technical fields.",1,Gender Bias,STEM Education Panel,2022-02-18,STEMAdvocate,France
"Racial diversity causes cultural conflicts.",1,Racial Bias,Cultural Studies Lecture,2022-02-19,CulturalAnalyst,Germany
"Young professionals lack commitment to their jobs.",1,Age Bias,Career Fair,2022-02-20,CareerFairOrganizer,Australia
"Women belong in traditional caregiving roles.",1,Gender Bias,Social Norms Seminar,2022-02-21,SocialNormsExpert,India
"People from certain races are less trustworthy.",1,Racial Bias,Social Psychology Study,2022-02-22,SocialPsychologist,United States
"Older individuals are resistant to change.",1,Age Bias,Change Management Seminar,2022-02-23,ChangeAgent,Canada
"The best scientists are young and innovative.",1,Age Bias,Scientific Symposium,2022-02-24,ScienceEnthusiast,United Kingdom
"Racial diversity hinders organizational performance.",1,Racial Bias,Organizational Behavior Conference,2022-02-25,OrgBehaviorExpert,France
"Young professionals lack commitment to their careers.",1,Age Bias,Career Development Workshop,2022-02-26,CareerAdvisor,Germany
"Women are too emotional for leadership positions.",1,Gender Bias,Leadership Summit,2022-02-27,LeadershipInsights,Australia
"People from certain races are more prone to criminal activities.",1,Racial Bias,Legal Discussion,2022-02-28,LegalExpert,India
"Indians excel in mathematics and science.",1,Racial Bias,Education Blog,2022-01-01,Educator123,India
"Women are equally capable in leadership roles.",0,None,Social Media,2022-01-15,EqualityAdvocate,United States
"Blacks are athletically superior.",1,Racial Bias,Sports Commentary,2022-02-01,SportsFanatic,United States
"Asians are inherently good at technology.",1,Racial Bias,Technology Forum,2022-02-15,TechEnthusiast,China
"Older adults are slow and struggle with new technology.",1,Age Bias,Social Media,2022-03-01,YouthTechie,Australia
"Indians are dominating the IT industry.",1,Racial Bias,Corporate News,2022-03-15,TechLeader,India
"Africans have a natural sense of rhythm.",1,Racial Bias,Music Discussion,2022-04-01,MusicLover,Senegal
"Women belong in the kitchen.",1,Gender Bias,Online Discussion,2022-04-15,TraditionalistUser,United Kingdom
"Chinese people are diligent and hardworking.",1,Racial Bias,Workplace Seminar,2022-05-01,WorkplaceInsights,China
"Asians are all exceptional at martial arts.",1,Racial Bias,Sports Magazine,2022-05-15,MartialArtsFan,Japan
"Blacks are more prone to criminal behavior.",1,Racial Bias,News Report,2022-06-01,IndependentReporter,United States
"Older individuals are resistant to change.",1,Age Bias,Change Management Seminar,2022-06-15,ChangeAgent,France
"Indians are known for their spicy food.",1,Racial Bias,Food Blog,2022-07-01,FoodExplorer,India
"Africans lack access to quality education.",1,Racial Bias,Education Report,2022-07-15,EducationAdvocate,Kenya
"Men are emotionally stronger than women.",1,Gender Bias,Psychology Blog,2022-08-01,MindExplorer,United States
"Chinese people are reserved and introverted.",1,Racial Bias,Social Observation,2022-08-15,ObserverChina,China
"Blacks are naturally better at sports.",1,Racial Bias,Sports Debate,2022-09-01,SportsDebater,United States
"Older employees lack the creativity of younger ones.",1,Age Bias,Corporate Seminar,2022-09-15,InnovationLeader,Canada
"Indians are overrepresented in the tech industry.",1,Racial Bias,Industry Panel,2022-10-01,TechInnovator,India
"Africans have a strong sense of community.",1,Racial Bias,Community Event,2022-10-15,CommunityBuilder,Nigeria
"Asians are more likely to excel in STEM fields.",1,Racial Bias,STEM Conference,2022-11-01,STEMAdvocate,Japan
"Blacks are more prone to obesity.",1,Racial Bias,Health Discussion,2022-11-15,HealthEnthusiast,United States
"Older adults struggle with adopting new technologies.",1,Age Bias,Technology Panel,2022-12-01,TechInsider,Canada
"Indians are known for their elaborate wedding ceremonies.",1,Racial Bias,Cultural Blog,2022-12-15,CulturalExplorer,India
"Africans are naturally talented in storytelling.",1,Racial Bias,Storytelling Workshop,2023-01-01,Storyteller,Kenya
"Young professionals are lazy and lack commitment.",1,Age Bias,Workplace Seminar,2023-01-15,WorkplaceInsights,United States
"Chinese people are disciplined and conformist.",1,Racial Bias,Social Observation,2023-02-01,SocialAnalyst,China
"Asians are overrepresented in academia.",1,Racial Bias,Academic Conference,2023-02-15,AcademicExpert,Japan
"Blacks have a higher risk of certain health conditions.",1,Racial Bias,Health Seminar,2023-03-01,HealthSpeaker,United States
"Older employees are resistant to learning new skills.",1,Age Bias,Skill Development Workshop,2023-03-15,SkillTrainer,Canada
"Indians are associated with the tech support industry.",1,Racial Bias,Corporate Talk,2023-04-01,CorporateSpeaker,India
"Africans have a strong connection to nature.",1,Racial Bias,Environmental Discussion,2023-04-15,NatureLover,Kenya
"Women are better at multitasking than men.",1,Gender Bias,Psychology Study,2023-05-01,CognitiveResearcher,United States
"Chinese people prioritize family and tradition.",1,Racial Bias,Cultural Exploration,2023-05-15,CulturalExplorer,China
"Asians are reserved and avoid confrontation.",1,Racial Bias,Social Observation,2023-06-01,SocialAnalyst,Japan
"Blacks have a natural aptitude for music.",1,Racial Bias,Music Workshop,2023-06-15,MusicInstructor,United States
"Young professionals lack experience and wisdom.",1,Age Bias,Skill Development Workshop,2023-07-01,WisdomSpeaker,Canada
"Indians are known for their cultural diversity.",1,Racial Bias,Cultural Festival,2023-07-15,CulturalEnthusiast,India
"Africans have a spiritual connection to the land.",1,Racial Bias,Spirituality Seminar,2023-08-01,SpiritualSpeaker,Kenya
"Chinese people are meticulous and detail-oriented.",1,Racial Bias,Workplace Discussion,2023-08-15,WorkplaceInsights,China
"Asians are overrepresented in the finance industry.",1,Racial Bias,Finance Summit,2023-09-01,FinanceExpert,Japan
"Blacks are more expressive and emotional.",1,Racial Bias,Emotional Intelligence Workshop,2023-09-15,EmotionTrainer,United States
"Older employees resist adopting new technologies.",1,Age Bias,Technology Workshop,2023-10-01,AdoptTechAdvocate,Canada
"Indians are known for their rich cultural heritage.",1,Racial Bias,Cultural Heritage Event,2023-10-15,CulturalHeritageEnthusiast,India
"Africans have a deep understanding of community.",1,Racial Bias,Community Building Workshop,2023-11-01,CommunityBuilder,Kenya
"Asians are diligent and hardworking in academia.",1,Racial Bias,Academic Panel,2023-11-15,AcademicExpert,Japan
"Blacks have a unique and rich artistic tradition.",1,Racial Bias,Art Symposium,2023-12-01,ArtEnthusiast,United States
"Young professionals are adaptable and tech-savvy.",1,Age Bias,Technology Seminar,2023-12-15,TechAdaptor,Canada
